[
  {
    "id": "1a256ce0-1cb9-4fb1-97c8-3712c683fc3f",
    "data": [
      {
        "text": "Tell me about the impact of cholera on public health.",
        "userDefined": false
      }
    ],
    "isTemplate": false,
    "count": 0,
    "lang": "en",
    "updated": 0
  },
  {
    "id": "ab379b34-df36-413e-9236-35c362047bca",
    "data": [
      {
        "text": "What are the common myths about cholera?",
        "userDefined": false
      }
    ],
    "isTemplate": false,
    "count": 0,
    "lang": "en",
    "updated": 0
  },
  {
    "id": "4e3f3c25-8fa3-4cac-b10e-f5884da33966",
    "data": [
      {
        "text": "Give me the latest WHO recommendations on cholera control.",
        "userDefined": false
      }
    ],
    "isTemplate": false,
    "count": 0,
    "lang": "en",
    "updated": 0
  },
  {
    "id": "c1af3b85-4e0f-4458-9c3c-6207c11768e7",
    "data": [
      {
        "text": "How can I protect myself from cholera?",
        "userDefined": false
      }
    ],
    "isTemplate": false,
    "count": 0,
    "lang": "en",
    "updated": 0
  },
  {
    "id": "37dbb246-f084-4c63-8478-3199f3efdceb",
    "data": [
      {
        "text": "Tell me about the history of cholera epidemics.",
        "userDefined": false
      }
    ],
    "isTemplate": false,
    "count": 0,
    "lang": "en",
    "updated": 0
  },
  {
    "id": "1e16f489-3086-459c-86aa-7dd4ad88a94e",
    "data": [
      {
        "text": "What are the WHO guidelines for cholera management?",
        "userDefined": false
      }
    ],
    "isTemplate": false,
    "count": 0,
    "lang": "en",
    "updated": 0
  },
  {
    "id": "8d8bb806-b049-4b07-a03e-5aeb0e28ef8c",
    "data": [
      {
        "text": "Share details on cholera testing and diagnosis.",
        "userDefined": false
      }
    ],
    "isTemplate": false,
    "count": 0,
    "lang": "en",
    "updated": 0
  },
  {
    "id": "535a50de-ac70-435c-9a4f-9af799275fdc",
    "data": [
      {
        "text": "I want to know about cholera treatment options.",
        "userDefined": false
      }
    ],
    "isTemplate": false,
    "count": 0,
    "lang": "en",
    "updated": 0
  },
  {
    "id": "f58d2386-73de-4fe4-9626-5683d928570d",
    "data": [
      {
        "text": "What\u0027s the current cholera situation?",
        "userDefined": false
      }
    ],
    "isTemplate": false,
    "count": 0,
    "lang": "en",
    "updated": 0
  },
  {
    "id": "cefba114-aa4d-4041-9e07-61a3700f6acd",
    "data": [
      {
        "text": "Tell me about the cholera vaccines.",
        "userDefined": false
      }
    ],
    "isTemplate": false,
    "count": 0,
    "lang": "en",
    "updated": 0
  },
  {
    "id": "482fcba1-4f97-4b17-89df-775c46824761",
    "data": [
      {
        "text": "Give me stats on cholera cases worldwide.",
        "userDefined": false
      }
    ],
    "isTemplate": false,
    "count": 0,
    "lang": "en",
    "updated": 0
  },
  {
    "id": "92d0a013-7be5-4bc7-9e51-9bf252f1d8db",
    "data": [
      {
        "text": "I need information on cholera prevention.",
        "userDefined": false
      }
    ],
    "isTemplate": false,
    "count": 0,
    "lang": "en",
    "updated": 0
  },
  {
    "id": "d9e9face-0f9b-46df-9723-6f495aded14e",
    "data": [
      {
        "text": "Explain the transmission of cholera.",
        "userDefined": false
      }
    ],
    "isTemplate": false,
    "count": 0,
    "lang": "en",
    "updated": 0
  },
  {
    "id": "19581ace-3c82-4a28-9e5f-a23bd05837de",
    "data": [
      {
        "text": "What are the latest updates on cholera outbreaks?",
        "userDefined": false
      }
    ],
    "isTemplate": false,
    "count": 0,
    "lang": "en",
    "updated": 0
  },
  {
    "id": "1058beb2-f5f3-4e2f-872d-be0cc2a2bcac",
    "data": [
      {
        "text": "Tell me about cholera symptoms.",
        "userDefined": false
      }
    ],
    "isTemplate": false,
    "count": 0,
    "lang": "en",
    "updated": 0
  },
  {
    "data": [
      {
        "text": "cholera",
        "userDefined": false
      }
    ],
    "isTemplate": false,
    "count": 6,
    "lang": "en",
    "updated": 0
  },
  {
    "data": [
      {
        "text": "tell me myths about cholera",
        "userDefined": false
      }
    ],
    "isTemplate": false,
    "count": 6,
    "lang": "en",
    "updated": 0
  }
]