[
  {
    "id": "77931035-7c53-42b2-96f9-5ec6c2f7a0b9",
    "data": [
      {
        "text": "Tell me about the impact of drought and food insecurity on the region.",
        "userDefined": false
      }
    ],
    "isTemplate": false,
    "count": 0,
    "lang": "en",
    "updated": 0
  },
  {
    "id": "dea9606b-3bf3-4937-8a9f-d14943a96a52",
    "data": [
      {
        "text": "What are the common challenges in addressing drought and food insecurity in the Horn of Africa?",
        "userDefined": false
      }
    ],
    "isTemplate": false,
    "count": 0,
    "lang": "en",
    "updated": 0
  },
  {
    "id": "0d0f1de9-c1bd-4d80-8f91-850b81c4c6dc",
    "data": [
      {
        "text": "Give me the latest recommendations for food security in the Horn of Africa.",
        "userDefined": false
      }
    ],
    "isTemplate": false,
    "count": 0,
    "lang": "en",
    "updated": 0
  },
  {
    "id": "9592a9be-383c-42de-9070-db8dd610b328",
    "data": [
      {
        "text": "How can I contribute to relief efforts for the Horn of Africa?",
        "userDefined": false
      }
    ],
    "isTemplate": false,
    "count": 0,
    "lang": "en",
    "updated": 0
  },
  {
    "id": "55011249-2e80-491c-a817-8e6757073787",
    "data": [
      {
        "text": "Tell me about the history of drought in the Horn of Africa.",
        "userDefined": false
      }
    ],
    "isTemplate": false,
    "count": 0,
    "lang": "en",
    "updated": 0
  },
  {
    "id": "68bdb860-6c1c-4153-9b1b-24b603bd529b",
    "data": [
      {
        "text": "What are the international efforts to address food insecurity in the Horn of Africa?",
        "userDefined": false
      }
    ],
    "isTemplate": false,
    "count": 0,
    "lang": "en",
    "updated": 0
  },
  {
    "id": "0db277dd-d5ac-48d4-999c-2433c049ae8a",
    "data": [
      {
        "text": "Share details on food assistance programs in the Horn of Africa.",
        "userDefined": false
      }
    ],
    "isTemplate": false,
    "count": 0,
    "lang": "en",
    "updated": 0
  },
  {
    "id": "44b07ec0-28c6-4e13-b5ab-a332508f305d",
    "data": [
      {
        "text": "I want to know about drought resilience in the Horn of Africa.",
        "userDefined": false
      }
    ],
    "isTemplate": false,
    "count": 0,
    "lang": "en",
    "updated": 0
  },
  {
    "id": "e903b7ac-6ea0-4d35-8b50-34e4fd6426bb",
    "data": [
      {
        "text": "What\u0027s the current food crisis in the Horn of Africa?",
        "userDefined": false
      }
    ],
    "isTemplate": false,
    "count": 0,
    "lang": "en",
    "updated": 0
  },
  {
    "id": "82dd7875-8b7e-43dd-aade-7782f5ab0c0a",
    "data": [
      {
        "text": "Tell me about humanitarian aid for the Horn of Africa.",
        "userDefined": false
      }
    ],
    "isTemplate": false,
    "count": 0,
    "lang": "en",
    "updated": 0
  },
  {
    "id": "3b1eea13-98a9-4972-988c-e528be22f5b9",
    "data": [
      {
        "text": "Give me stats on food shortages in the Horn of Africa.",
        "userDefined": false
      }
    ],
    "isTemplate": false,
    "count": 0,
    "lang": "en",
    "updated": 0
  },
  {
    "id": "d1e254cb-79b6-46fc-84f9-f2ab1939faba",
    "data": [
      {
        "text": "I need information on relief efforts in the Horn of Africa.",
        "userDefined": false
      }
    ],
    "isTemplate": false,
    "count": 0,
    "lang": "en",
    "updated": 0
  },
  {
    "id": "6c2c1ae5-20db-41a5-85e0-fe39113ac714",
    "data": [
      {
        "text": "Explain the impact of drought on the Horn of Africa.",
        "userDefined": false
      }
    ],
    "isTemplate": false,
    "count": 0,
    "lang": "en",
    "updated": 0
  },
  {
    "id": "842ef563-8173-4ea2-86f6-caf97a0a9807",
    "data": [
      {
        "text": "What is the situation with food insecurity in the Horn of Africa?",
        "userDefined": false
      }
    ],
    "isTemplate": false,
    "count": 0,
    "lang": "en",
    "updated": 0
  },
  {
    "id": "9480bac4-435c-4e70-a711-2fbf7000a04a",
    "data": [
      {
        "text": "Tell me about the current drought in the Horn of Africa.",
        "userDefined": false
      }
    ],
    "isTemplate": false,
    "count": 0,
    "lang": "en",
    "updated": 0
  }
]