[
  {
    "id": "9a8b7bdd-4c54-4dda-9abc-8018d848084d",
    "data": [
      {
        "text": "byeeee",
        "userDefined": false
      }
    ],
    "isTemplate": false,
    "count": 0,
    "lang": "en",
    "updated": 0
  },
  {
    "id": "34a9bf64-7e3b-47be-9759-30a98e7b9e06",
    "data": [
      {
        "text": "byeeeee",
        "userDefined": false
      }
    ],
    "isTemplate": false,
    "count": 0,
    "lang": "en",
    "updated": 0
  },
  {
    "id": "c337fd6c-2da9-4c2c-a1b4-38c65df4572e",
    "data": [
      {
        "text": "bye",
        "userDefined": false
      }
    ],
    "isTemplate": false,
    "count": 0,
    "lang": "en",
    "updated": 0
  },
  {
    "id": "f95cec37-279b-4ad8-864c-0cfea173fb9e",
    "data": [
      {
        "text": "farewell",
        "userDefined": false
      }
    ],
    "isTemplate": false,
    "count": 0,
    "lang": "en",
    "updated": 0
  },
  {
    "id": "369ff491-8c64-4aed-b85d-a018cecf8e6a",
    "data": [
      {
        "text": "goodnight",
        "userDefined": false
      }
    ],
    "isTemplate": false,
    "count": 0,
    "lang": "en",
    "updated": 0
  },
  {
    "id": "eeecc404-615c-4b19-8f6f-b99ea99589b2",
    "data": [
      {
        "text": "goodbye",
        "userDefined": false
      }
    ],
    "isTemplate": false,
    "count": 2,
    "lang": "en",
    "updated": 0
  },
  {
    "id": "b88a7d42-bd0d-4296-a1fe-b9f765dceb01",
    "data": [
      {
        "text": "peace out",
        "userDefined": false
      }
    ],
    "isTemplate": false,
    "count": 1,
    "lang": "en",
    "updated": 0
  },
  {
    "id": "0e76fa51-9116-4610-bf89-e991f9b2c6fc",
    "data": [
      {
        "text": "Okay, goodbye",
        "userDefined": false
      }
    ],
    "isTemplate": false,
    "count": 6,
    "lang": "en",
    "updated": 0
  }
]