[
  {
    "id": "15816d51-1a0c-4c86-ab4d-473599013310",
    "data": [
      {
        "text": "Tell me about the impact of monkeypox on public health.",
        "userDefined": false
      }
    ],
    "isTemplate": false,
    "count": 0,
    "lang": "en",
    "updated": 0
  },
  {
    "id": "2aa4b330-9b7b-4696-9034-1383a8eb7571",
    "data": [
      {
        "text": "What are the common myths about monkeypox?",
        "userDefined": false
      }
    ],
    "isTemplate": false,
    "count": 0,
    "lang": "en",
    "updated": 0
  },
  {
    "id": "4e76885c-ad39-4a6a-b0ed-8b22d14ed42a",
    "data": [
      {
        "text": "Give me the latest WHO recommendations on monkeypox control.",
        "userDefined": false
      }
    ],
    "isTemplate": false,
    "count": 0,
    "lang": "en",
    "updated": 0
  },
  {
    "id": "a02068e2-ec62-402c-9b89-571eae368eac",
    "data": [
      {
        "text": "How can I protect myself from monkeypox?",
        "userDefined": false
      }
    ],
    "isTemplate": false,
    "count": 0,
    "lang": "en",
    "updated": 0
  },
  {
    "id": "23d12f8b-49e9-451c-8fc3-2f1d7e539d2a",
    "data": [
      {
        "text": "Tell me about the history of monkeypox outbreaks.",
        "userDefined": false
      }
    ],
    "isTemplate": false,
    "count": 0,
    "lang": "en",
    "updated": 0
  },
  {
    "id": "77bdcfb2-540b-49d8-9349-4223ab9783b9",
    "data": [
      {
        "text": "What are the WHO guidelines for monkeypox management?",
        "userDefined": false
      }
    ],
    "isTemplate": false,
    "count": 0,
    "lang": "en",
    "updated": 0
  },
  {
    "id": "a7b89cb8-6763-4031-a68c-adc4dfa8ef54",
    "data": [
      {
        "text": "Share details on monkeypox testing and diagnosis.",
        "userDefined": false
      }
    ],
    "isTemplate": false,
    "count": 0,
    "lang": "en",
    "updated": 0
  },
  {
    "id": "f8c2eaf0-20d1-492d-861d-218dfe6563b2",
    "data": [
      {
        "text": "I want to know about monkeypox treatment options.",
        "userDefined": false
      }
    ],
    "isTemplate": false,
    "count": 0,
    "lang": "en",
    "updated": 0
  },
  {
    "id": "c653627c-5ef0-4c2d-a91f-22103ff45c4c",
    "data": [
      {
        "text": "What\u0027s the current monkeypox situation?",
        "userDefined": false
      }
    ],
    "isTemplate": false,
    "count": 0,
    "lang": "en",
    "updated": 0
  },
  {
    "id": "1255fa70-c4cf-4c9e-9918-b6808f3f260f",
    "data": [
      {
        "text": "Tell me about the monkeypox vaccines.",
        "userDefined": false
      }
    ],
    "isTemplate": false,
    "count": 0,
    "lang": "en",
    "updated": 0
  },
  {
    "id": "2538efd1-cc46-4131-9480-5be9fb20eb0a",
    "data": [
      {
        "text": "Give me stats on monkeypox cases worldwide.",
        "userDefined": false
      }
    ],
    "isTemplate": false,
    "count": 0,
    "lang": "en",
    "updated": 0
  },
  {
    "id": "9d610cbc-63dd-4602-8197-5cb97f1876c2",
    "data": [
      {
        "text": "I need information on monkeypox prevention.",
        "userDefined": false
      }
    ],
    "isTemplate": false,
    "count": 0,
    "lang": "en",
    "updated": 0
  },
  {
    "id": "ec998319-7867-4999-a196-0b4d2d524ba1",
    "data": [
      {
        "text": "Explain the transmission of monkeypox.",
        "userDefined": false
      }
    ],
    "isTemplate": false,
    "count": 0,
    "lang": "en",
    "updated": 0
  },
  {
    "id": "da094b18-26c3-4b1d-b9ba-ae5bf1981155",
    "data": [
      {
        "text": "What are the latest updates on monkeypox outbreaks?",
        "userDefined": false
      }
    ],
    "isTemplate": false,
    "count": 0,
    "lang": "en",
    "updated": 0
  },
  {
    "id": "6079b2cb-22ea-4e7c-87f3-6d6eb9525997",
    "data": [
      {
        "text": "Tell me about monkeypox symptoms.",
        "userDefined": false
      }
    ],
    "isTemplate": false,
    "count": 0,
    "lang": "en",
    "updated": 0
  },
  {
    "data": [
      {
        "text": "test",
        "userDefined": false
      }
    ],
    "isTemplate": false,
    "count": 2,
    "lang": "en",
    "updated": 0
  }
]