[
  {
    "id": "47c7fd6d-ee2b-4043-a7df-1683ac7d8df1",
    "data": [
      {
        "text": "im good",
        "userDefined": false
      }
    ],
    "isTemplate": false,
    "count": 7,
    "lang": "en",
    "updated": 0
  },
  {
    "data": [
      {
        "text": "im not sure",
        "userDefined": false
      }
    ],
    "isTemplate": false,
    "count": 1,
    "lang": "en",
    "updated": 0
  },
  {
    "data": [
      {
        "text": "what can you help me with?",
        "userDefined": false
      }
    ],
    "isTemplate": false,
    "count": 0,
    "lang": "en",
    "updated": 0
  },
  {
    "data": [
      {
        "text": "What do you know?",
        "userDefined": false
      }
    ],
    "isTemplate": false,
    "count": 0,
    "lang": "en",
    "updated": 0
  },
  {
    "data": [
      {
        "text": "what do you know?",
        "userDefined": false
      }
    ],
    "isTemplate": false,
    "count": 0,
    "lang": "en",
    "updated": 0
  },
  {
    "data": [
      {
        "text": "Interesting",
        "userDefined": false
      }
    ],
    "isTemplate": false,
    "count": 5,
    "lang": "en",
    "updated": 0
  }
]