[
  {
    "value": "Yemen",
    "synonyms": [
      "Yemen"
    ]
  },
  {
    "value": "Israel",
    "synonyms": [
      "Israel"
    ]
  },
  {
    "value": "Palestine",
    "synonyms": [
      "Palestine"
    ]
  },
  {
    "value": "Northern Ethiopia",
    "synonyms": [
      "Northern Ethiopia"
    ]
  },
  {
    "value": "Iraq",
    "synonyms": [
      "Iraq"
    ]
  },
  {
    "value": "Nigeria",
    "synonyms": [
      "Nigeria"
    ]
  },
  {
    "value": "Somalia",
    "synonyms": [
      "Somalia"
    ]
  },
  {
    "value": "South Sudan",
    "synonyms": [
      "South Sudan"
    ]
  },
  {
    "value": "Syria",
    "synonyms": [
      "Syria"
    ]
  },
  {
    "value": "Ukraine",
    "synonyms": [
      "Ukraine"
    ]
  }
]